cycle,timestamp,spearman_r,spearman_p,pearson_r,pearson_p,kendall_tau,kendall_p,ci_lo,ci_hi,spearman_r_ema,spearman_p_ema,pearson_r_ema,pearson_p_ema,kendall_tau_ema,kendall_p_ema,spearman_r_best,spearman_p_best,pearson_r_best,pearson_p_best,kendall_tau_best,kendall_p_best,mean_val_acc1,std_val_acc1,mean_ema_acc1,mean_best_val_acc1,n_archs
0,2026-06-03T13:00:33.907739,-0.08214285714285713,0.7710285652881772,-0.30124853026622284,0.2752240638300219,-0.04761904761904762,0.845841042458974,-0.6222634116937915,0.5172632433783105,0.8892857142857141,9.192974758842268e-06,0.5194986236873727,0.04717753753771464,0.7142857142857143,6.710364303783617e-05,-0.08214285714285713,0.7710285652881772,-0.30124853026622284,0.2752240638300219,-0.04761904761904762,0.845841042458974,53.14817603748327,5.63827607940083,13.915359354082998,53.14817603748327,15
1,2026-06-03T13:05:15.303053,0.042895459487824666,0.8793532695538793,-0.13152998552791553,0.6403147852520421,0.0,1.0,-0.5947467294730476,0.6733230656521086,0.7714285714285712,0.0007568751073803471,0.23721113997495108,0.3946246567778924,0.6190476190476191,0.0008364083878716816,0.042895459487824666,0.8793532695538793,-0.13152998552791553,0.6403147852520421,0.0,1.0,78.40900058567604,2.182787191413085,16.178725317938422,78.40900058567604,15
2,2026-06-03T13:09:54.286911,0.43214285714285705,0.10769303754639799,-0.04805560045903368,0.8649560172030845,0.37142857142857144,0.058995845051235264,-0.17700190969497198,0.9226554883002926,0.6071428571428571,0.01638130676830708,0.05672776651540354,0.8408505509441384,0.4666666666666667,0.015510823225067603,0.43214285714285705,0.10769303754639799,-0.04799480638766044,0.8651254173585183,0.37142857142857144,0.058995845051235264,81.58567603748325,1.4220705589252391,18.97428254685408,81.58621987951807,15
3,2026-06-03T13:14:44.144041,0.35357142857142854,0.19607167843419876,-0.07971689006630452,0.7776317861798511,0.33333333333333337,0.09264256691158146,-0.29818658556633243,0.8639954111206524,0.33571428571428563,0.22121153763932594,-0.053287270737569246,0.850399340526644,0.2761904761904762,0.16857787367749338,0.35357142857142854,0.19607167843419876,-0.07971689006630452,0.7776317861798511,0.33333333333333337,0.09264256691158146,83.64645038487282,1.3609728067126123,22.266451221552877,83.64645038487282,15
4,2026-06-03T13:19:23.870617,0.3,0.27731678036838386,-0.08341513792595306,0.7675713474972379,0.23809523809523814,0.23945881568583288,-0.393061249865577,0.8610729829538831,0.15357142857142855,0.5847640949410158,-0.23020677594402536,0.40913799839602616,0.14285714285714288,0.4950508526248027,0.2964285714285714,0.28335542843426287,-0.1004201711606271,0.7217756002956127,0.21904761904761905,0.2815660702955676,84.89266440763053,1.6443461453262027,26.02318649598394,85.00323167670685,15
5,2026-06-03T13:24:07.191824,0.22142857142857136,0.42771371901637,-0.33895323563648344,0.21650812269098893,0.1619047619047619,0.43511891093211363,-0.46909260832625327,0.8232098949778508,0.09285714285714285,0.742045009907367,-0.4162247380982048,0.12278321511707097,0.06666666666666668,0.770495669755301,0.22142857142857136,0.42771371901637,-0.33895323563648344,0.21650812269098893,0.1619047619047619,0.43511891093211363,86.41208584337349,1.594961398787802,30.276878346720213,86.41208584337349,15
6,2026-06-03T13:28:47.644109,0.4535714285714285,0.08948590014302728,-0.2941986788646389,0.28716513330003174,0.40952380952380957,0.03589723736788882,-0.217430974293875,0.9349005424954792,0.024999999999999998,0.9295289708192378,-0.5103765503361368,0.051906548459130966,0.009523809523809525,1.0,0.4535714285714285,0.08948590014302728,-0.2935855741050182,0.2882179019862845,0.40952380952380957,0.03589723736788882,87.45156668340026,1.5855447155048683,34.67599564926372,87.45709923025433,15
7,2026-06-03T13:33:26.875176,0.38214285714285706,0.1598236299869673,-0.2619216799937518,0.3456702216531944,0.33333333333333337,0.09264256691158146,-0.2868683155080214,0.9089417879623314,0.014285714285714282,0.9596997645989476,-0.5340892657009059,0.04028537453610056,0.009523809523809525,1.0,0.38928571428571423,0.15151193679039388,-0.2567668636329921,0.3555891332936477,0.3523809523809524,0.07433498084899375,88.31580488621151,1.347376879909702,39.203721134538156,88.33056183065595,15
8,2026-06-03T13:38:06.855718,0.2571428571428571,0.35486036365060913,-0.3827020342506459,0.15916225911755322,0.20000000000000004,0.3282335876694342,-0.40689534989443055,0.8227871455929749,-0.03214285714285714,0.9094621170945906,-0.5124706253346349,0.05079144356584605,-0.028571428571428574,0.9225700904951897,0.2571428571428571,0.35486036365060913,-0.3827020342506459,0.15916225911755322,0.20000000000000004,0.3282335876694342,89.20059404283802,1.258888870545664,43.65531919344042,89.20059404283802,15
9,2026-06-03T13:42:46.280336,0.28571428571428564,0.3019363513225493,-0.31641432753778603,0.2505634949816707,0.21904761904761905,0.2815660702955676,-0.369820396100483,0.8339506131875132,-0.03214285714285714,0.9094621170945906,-0.47397098869042675,0.07428490996313816,-0.009523809523809525,1.0,0.28571428571428564,0.3019363513225493,-0.31641432753778603,0.2505634949816707,0.21904761904761905,0.2815660702955676,89.72212809571619,1.2924166626215523,48.26092913319947,89.72212809571619,15
10,2026-06-03T13:47:28.178802,0.3107142857142856,0.2596673973372179,-0.3518110525029408,0.19846433100797636,0.2571428571428572,0.20184282422518202,-0.3455786503457595,0.8529411764705883,-0.028571428571428564,0.9194899083821857,-0.422546588090045,0.11662640006482466,-0.009523809523809525,1.0,0.3107142857142856,0.2596673973372179,-0.35178044893593485,0.19850609157405383,0.2571428571428572,0.20184282422518202,89.91295389892905,1.3016267800597432,52.69939131526105,89.91310031793842,15
11,2026-06-03T13:52:06.226038,0.3107142857142856,0.2596673973372179,-0.0846578668995232,0.7641983529764994,0.2571428571428572,0.20184282422518202,-0.3478598680550037,0.8587020402547372,-0.04285714285714285,0.8794603130258999,-0.36670649314753057,0.17880562859928448,-0.028571428571428574,0.9225700904951897,0.3107142857142856,0.2596673973372179,-0.35178044893593485,0.19850609157405383,0.2571428571428572,0.20184282422518202,85.50993557563588,1.9015433601859422,57.07235190763052,89.91310031793842,15
12,2026-06-03T13:56:44.183056,0.4392857142857142,0.10136057119347243,-0.18163574769225216,0.517071028676532,0.4476190476190477,0.020790615322361355,-0.22604572273333245,0.9637697539114712,-0.007142857142857141,0.9798442277615982,-0.3103952448161288,0.26018282375318336,-0.009523809523809525,1.0,0.3107142857142856,0.2596673973372179,-0.35178044893593485,0.19850609157405383,0.2571428571428572,0.20184282422518202,86.42444779116467,1.68937512126427,61.34270414993306,89.91310031793842,15
13,2026-06-03T14:01:22.190794,0.2714285714285714,0.3277893068411727,-0.2228744580675781,0.4246247578756361,0.20000000000000004,0.3282335876694342,-0.38775190415741045,0.820151957428671,0.0035714285714285704,0.9899214068809781,-0.2591696948793139,0.35094614256697093,0.009523809523809525,1.0,0.3107142857142856,0.2596673973372179,-0.35178044893593485,0.19850609157405383,0.2571428571428572,0.20184282422518202,86.9455530455154,1.4430997803851333,65.24387131860776,89.91310031793842,15
14,2026-06-03T14:06:00.524129,0.2821428571428571,0.30828445682005556,-0.1947807381731469,0.4866510368469457,0.2761904761904762,0.16857787367749338,-0.38236090465066896,0.8582221328302723,-0.0035714285714285704,0.9899214068809781,-0.22062257572274452,0.42944060846301807,0.009523809523809525,1.0,0.3107142857142856,0.2596673973372179,-0.35178044893593485,0.19850609157405383,0.2571428571428572,0.20184282422518202,87.64706743641231,1.2749605451287227,68.6042607931727,89.91310031793842,15
15,2026-06-03T14:10:41.729598,0.1714285714285714,0.5412721760996331,0.017702610269084713,0.9500706485651531,0.06666666666666668,0.770495669755301,-0.5579815931450335,0.7132482779357096,0.09285714285714285,0.742045009907367,-0.19381436005495006,0.48885799858688644,0.10476190476190476,0.6264945175158468,0.3107142857142856,0.2596673973372179,-0.35178044893593485,0.19850609157405383,0.2571428571428572,0.20184282422518202,88.50664114792504,1.2928289654760206,71.37265729585008,89.91310031793842,15
16,2026-06-03T14:15:33.243795,0.3285714285714285,0.23180969720615968,-0.2799319633432068,0.31225281004360994,0.2571428571428572,0.20184282422518202,-0.35042139095312885,0.8759304863906129,0.11785714285714284,0.6757115292213043,-0.16950884929088664,0.5458786128616903,0.12380952380952381,0.5589660721223221,0.3142857142857143,0.2539400163236714,-0.3648236223284502,0.18121738164809664,0.2761904761904762,0.16857787367749338,89.49115210843372,1.0511228888435071,73.72112407965194,89.94829317269075,15
17,2026-06-03T14:20:12.424603,0.21071428571428572,0.450957865215285,-0.1368163714737744,0.6268149185673606,0.18095238095238098,0.3794503959627968,-0.47132769194480467,0.8391298255914812,0.12142857142857141,0.6664011137233894,-0.16354910905749787,0.5602869288934154,0.08571428571428572,0.6971814254173712,0.3321428571428571,0.2264717590707243,-0.2673588545416288,0.3353780501206221,0.3142857142857143,0.11424717239544455,90.17292085006693,1.1880827701239978,75.6733496485944,90.3179175033467,15
18,2026-06-03T14:24:50.762447,0.28571428571428564,0.3019363513225493,-0.32510941540677946,0.23705836392586424,0.21904761904761905,0.2815660702955676,-0.36650226017076853,0.8427840899383211,0.11428571428571425,0.6850657626568972,-0.15539809815677444,0.5802504165905603,0.08571428571428572,0.6971814254173712,0.28571428571428564,0.3019363513225493,-0.32510941540677946,0.23705836392586424,0.21904761904761905,0.2815660702955676,90.9529890394913,1.2393468502835512,77.32533258032127,90.9529890394913,15
19,2026-06-03T14:29:28.660669,0.2821428571428571,0.30828445682005556,-0.28831535010242626,0.29736156090831045,0.2571428571428572,0.20184282422518202,-0.38213310585992755,0.8515398550724627,0.20357142857142854,0.46679507248911234,-0.15165048234242018,0.5895261394696165,0.18095238095238098,0.3794503959627968,0.2821428571428571,0.30828445682005556,-0.30778855381729153,0.26441735058345434,0.2571428571428572,0.20184282422518202,91.4413173527443,1.013638716886258,78.7272423025435,91.44779116465863,15
20,2026-06-03T14:34:11.115257,0.3214285714285714,0.24271904680166836,-0.3906804549156379,0.14992341017984423,0.2571428571428572,0.20184282422518202,-0.338329841604505,0.856893816144776,0.1857142857142857,0.5075409629336737,-0.1438580362616227,0.6090024939322609,0.1619047619047619,0.43511891093211363,0.28928571428571426,0.29566536100437785,-0.3902783262774281,0.15038026094527018,0.23809523809523814,0.23945881568583288,91.6426748661312,1.1674298391038835,79.95806141231593,91.6456764558233,15
21,2026-06-03T14:38:49.283029,0.44999999999999996,0.09235737494812256,-0.2790408426554969,0.31386061288863554,0.3904761904761905,0.04629247541540862,-0.20363636363636367,0.9271435668156979,0.22142857142857136,0.42771371901637,-0.14491985455314033,0.606333833339963,0.20000000000000004,0.3282335876694342,0.28928571428571426,0.29566536100437785,-0.3902783262774281,0.15038026094527018,0.23809523809523814,0.23945881568583288,87.50338855421687,1.242147224003901,80.93873410307899,91.6456764558233,15
22,2026-06-03T14:43:27.531120,0.34642857142857136,0.2058959920935512,-0.10121694385582172,0.7196499131179359,0.3523809523809524,0.07433498084899375,-0.2996661303824622,0.9315610002525885,0.1714285714285714,0.5412721760996331,-0.14884885808229004,0.5964993977099426,0.14285714285714288,0.4950508526248027,0.28928571428571426,0.29566536100437785,-0.3902783262774281,0.15038026094527018,0.23809523809523814,0.23945881568583288,87.57859563253012,1.3428473205157696,81.9321034136546,91.6456764558233,15
23,2026-06-03T14:48:05.530608,0.48571428571428565,0.06642631232518958,0.5273014539141508,0.043391507530357094,0.3523809523809524,0.07433498084899375,-0.15849370396768825,0.8804347826086959,0.22499999999999998,0.420104686907635,-0.15032640838276687,0.5928176493839855,0.18095238095238098,0.3794503959627968,0.28928571428571426,0.29566536100437785,-0.3902783262774281,0.15038026094527018,0.23809523809523814,0.23945881568583288,87.98499205153949,1.3921748465583053,82.83859395917003,91.6456764558233,15
24,2026-06-03T14:52:44.651826,0.15714285714285714,0.5759526006037947,-0.24049590639185625,0.3879141292281605,0.1619047619047619,0.43511891093211363,-0.4719849770482682,0.7802197802197801,0.1928571428571428,0.4910487016052232,-0.1478880110774329,0.5988985271014241,0.14285714285714288,0.4950508526248027,0.28928571428571426,0.29566536100437785,-0.3902783262774281,0.15038026094527018,0.23809523809523814,0.23945881568583288,88.89776815595717,1.3213999770822669,83.59707580321285,91.6456764558233,15
25,2026-06-03T14:57:26.280419,0.3214285714285714,0.24271904680166836,-0.21100570333905166,0.45031747032817315,0.2571428571428572,0.20184282422518202,-0.311271220492215,0.8327140925988511,0.2321428571428571,0.40509874069364893,-0.1509743460140453,0.5912060184703076,0.20000000000000004,0.3282335876694342,0.28928571428571426,0.29566536100437785,-0.3902783262774281,0.15038026094527018,0.23809523809523814,0.23945881568583288,89.63693314926373,0.9320525025616127,84.31247908299866,91.6456764558233,15
26,2026-06-03T15:02:03.962815,0.4107142857142856,0.12832864601574887,0.15419152811649495,0.5832302280460404,0.2571428571428572,0.20184282422518202,-0.21164426632781058,0.8191958517058094,0.23928571428571427,0.39037931192023567,-0.1529429406470187,0.5863203911696547,0.20000000000000004,0.3282335876694342,0.28928571428571426,0.29566536100437785,-0.3902783262774281,0.15038026094527018,0.23809523809523814,0.23945881568583288,90.41961596385542,1.029332349992556,84.94154743975902,91.6456764558233,15
27,2026-06-03T15:06:42.154324,0.18214285714285713,0.5158816817070392,-0.3758075309652375,0.1674444471167973,0.1619047619047619,0.43511891093211363,-0.4764346539536413,0.8155598605571186,0.25,0.36884629178393047,-0.1590080740266026,0.5713727423546244,0.20000000000000004,0.3282335876694342,0.33571428571428563,0.22121153763932594,-0.4182716828323297,0.12076583584114015,0.29523809523809524,0.13946285911906778,91.15390729585008,1.108876355885392,85.5369812583668,91.70748619477914,15
28,2026-06-03T15:11:20.454772,0.43214285714285705,0.10769303754639799,-0.31195695479288793,0.25766573087857003,0.40952380952380957,0.03589723736788882,-0.2445357973410762,0.9494630288548945,0.2678571428571428,0.3344436005123538,-0.16080875268222644,0.5669658682158141,0.21904761904761905,0.2815660702955676,0.3928571428571428,0.14746665531132622,-0.336926622485271,0.21944358268100408,0.33333333333333337,0.09264256691158146,91.87262592034807,1.0867738715497957,86.05948795180724,91.9390060240964,15
29,2026-06-03T15:16:09.420371,0.28571428571428564,0.3019363513225493,-0.34054737603779756,0.2142166157735887,0.20000000000000004,0.3282335876694342,-0.4233715487146937,0.8661713398361087,0.3107142857142856,0.2596673973372179,-0.1668320682560533,0.5523299975309015,0.2761904761904762,0.16857787367749338,0.2785714285714285,0.3147094732307908,-0.3714357239073529,0.1728408259398482,0.18095238095238098,0.3794503959627968,92.214796686747,0.8947999238627427,86.53273510709505,92.23411353748325,15
30,2026-06-03T17:02:05.726254,0.28928571428571426,0.29566536100437785,-0.3563367088186171,0.1923508345902231,0.21904761904761905,0.2815660702955676,-0.40727272727272734,0.8620689655172413,0.3107142857142856,0.2596673973372179,-0.16226798566032533,0.5634051750414958,0.2761904761904762,0.16857787367749338,0.28928571428571426,0.29566536100437785,-0.3563367088186171,0.1923508345902231,0.21904761904761905,0.2815660702955676,92.46010081994646,0.9503403877735741,86.99606760374833,92.46010081994646,15
31,2026-06-03T17:08:00.709093,0.16428571428571426,0.5584973732486012,-0.17698961215694672,0.5280255565754852,0.12380952380952381,0.5589660721223221,-0.4918766546229541,0.7364691886826074,0.3,0.27731678036838386,-0.16721091838869978,0.5514149258883732,0.2571428571428572,0.20184282422518202,0.28928571428571426,0.29566536100437785,-0.3563367088186171,0.1923508345902231,0.21904761904761905,0.2815660702955676,87.91634245314592,1.3545622874623697,87.38022925033466,92.46010081994646,15
32,2026-06-03T17:13:54.799973,0.3571428571428571,0.19127476343157904,-0.013952720763801885,0.9606384663719716,0.3142857142857143,0.11424717239544455,-0.29818658556633243,0.8949902452619838,0.30357142857142855,0.27135583600386853,-0.17472478938192174,0.533402870060146,0.2761904761904762,0.16857787367749338,0.28928571428571426,0.29566536100437785,-0.3563367088186171,0.1923508345902231,0.21904761904761905,0.2815660702955676,88.18814842704151,1.154212701072819,87.74026313587684,92.46010081994646,15
33,2026-06-03T17:20:05.658465,0.2714285714285714,0.3277893068411727,0.06844934125337794,0.8084798430397486,0.1619047619047619,0.43511891093211363,-0.35271247739602163,0.7007571333775708,0.25,0.36884629178393047,-0.17381132022382442,0.5355785584596234,0.20000000000000004,0.3282335876694342,0.28928571428571426,0.29566536100437785,-0.3563367088186171,0.1923508345902231,0.21904761904761905,0.2815660702955676,88.45984981593037,0.8708985052151512,88.05153949129854,92.46010081994646,15
34,2026-06-03T17:25:58.841605,0.1928571428571428,0.4910487016052232,-0.244967834179983,0.37887742284925063,0.20000000000000004,0.3282335876694342,-0.46912039312039316,0.8342416877308961,0.2785714285714285,0.3147094732307908,-0.18691105732538413,0.504760025934636,0.23809523809523814,0.23945881568583288,0.28928571428571426,0.29566536100437785,-0.3563367088186171,0.1923508345902231,0.21904761904761905,0.2815660702955676,89.32906626506025,1.1155158440851018,88.3418360943775,92.46010081994646,15
35,2026-06-03T17:31:57.976556,0.22499999999999998,0.420104686907635,0.07792835682369817,0.7825090664136812,0.14285714285714288,0.4950508526248027,-0.3494631255102248,0.7122170889220067,0.2785714285714285,0.3147094732307908,-0.18332704704018266,0.5131092157894345,0.23809523809523814,0.23945881568583288,0.28928571428571426,0.29566536100437785,-0.3563367088186171,0.1923508345902231,0.21904761904761905,0.2815660702955676,89.8622720046854,1.2576524101426225,88.5869205990629,92.46010081994646,15
36,2026-06-03T17:37:53.207478,0.3714285714285714,0.17284974708033998,-0.27538728868207835,0.320502424048545,0.33333333333333337,0.09264256691158146,-0.3006057795859758,0.9239164832140893,0.2821428571428571,0.30828445682005556,-0.1949464342851816,0.4862731051771335,0.2571428571428572,0.20184282422518202,0.28928571428571426,0.29566536100437785,-0.3563367088186171,0.1923508345902231,0.21904761904761905,0.2815660702955676,91.08712976907631,1.1411173186064654,88.80997950133869,92.46010081994646,15
37,2026-06-03T17:43:47.740810,0.5178571428571428,0.04800407736655833,-0.3684837773066742,0.17654845279378292,0.5238095238095238,0.005901586283902752,-0.12160817060552266,0.9709632026092218,0.2821428571428571,0.30828445682005556,-0.18771731139311082,0.5028905246151442,0.2571428571428572,0.20184282422518202,0.28928571428571426,0.29566536100437785,-0.3563367088186171,0.1923508345902231,0.21904761904761905,0.2815660702955676,91.60507655622492,1.0958437299546326,89.02580112115128,92.46010081994646,15
38,2026-06-03T17:49:51.254174,0.2571428571428571,0.35486036365060913,-0.36212168875697737,0.18471516272849442,0.21904761904761905,0.2815660702955676,-0.42393908719238943,0.8464421062464137,0.2821428571428571,0.30828445682005556,-0.19095195908711865,0.49542268616037183,0.2571428571428572,0.20184282422518202,0.27499999999999997,0.3212111733193767,-0.3445794234616485,0.20848954960727073,0.20000000000000004,0.3282335876694342,92.23168716532798,0.992846869944364,89.24090110441765,92.48653990963857,15
39,2026-06-03T17:55:45.555966,0.32499999999999996,0.23722543823723408,-0.24665724983730894,0.37549342260764323,0.2571428571428572,0.20184282422518202,-0.37071549236175627,0.8773572463371964,0.2642857142857143,0.3411737579900821,-0.18567355228185287,0.5076357394180743,0.23809523809523814,0.23945881568583288,0.32499999999999996,0.23722543823723408,-0.33375553950991826,0.2240868830682281,0.2571428571428572,0.20184282422518202,92.6418486445783,0.8236672181201689,89.44526020749666,92.67599564926371,15
40,2026-06-03T18:01:44.820947,0.34642857142857136,0.2058959920935512,-0.23622727698108686,0.39664654688440915,0.2761904761904762,0.16857787367749338,-0.3430670327462666,0.8909189723320159,0.2821428571428571,0.30828445682005556,-0.18806217706835,0.5020918511473017,0.2571428571428572,0.20184282422518202,0.34642857142857136,0.2058959920935512,-0.2730451268996723,0.32480235835810267,0.2761904761904762,0.16857787367749338,92.80558693105756,0.8708766499829518,89.62690344712182,92.81575259370815,15
41,2026-06-03T18:07:39.449040,0.6142857142857142,0.014833955405976968,0.25589450710728,0.35728317116728336,0.40952380952380957,0.03589723736788882,0.13718230056956554,0.8472727272727274,0.2178571428571428,0.43539267351553756,-0.1809804569671916,0.5186097581485988,0.18095238095238098,0.3794503959627968,0.34642857142857136,0.2058959920935512,-0.2730451268996723,0.32480235835810267,0.2761904761904762,0.16857787367749338,88.18196745314592,0.9286886639817027,89.79086136211511,92.81575259370815,15
42,2026-06-03T18:13:34.744659,0.2928571428571428,0.289471667212401,-0.16233355382106038,0.5632454041603704,0.21904761904761905,0.2815660702955676,-0.3211025915757048,0.811608215229402,0.21983922987510138,0.43112237532913944,-0.18219973251555396,0.5157483671626849,0.210528725646512,0.27568969784851405,0.34642857142857136,0.2058959920935512,-0.2730451268996723,0.32480235835810267,0.2761904761904762,0.16857787367749338,87.87658969210173,1.1924481713619313,89.96216114457829,92.81575259370815,15
43,2026-06-03T18:19:30.996998,0.4678571428571427,0.0786302311543806,-0.20946231467300677,0.45371423854255943,0.3904761904761905,0.04629247541540862,-0.1899059940431869,0.9317848311371563,0.3071428571428571,0.2654726857102779,-0.19238257251769747,0.49213652704325955,0.29523809523809524,0.13946285911906778,0.34642857142857136,0.2058959920935512,-0.2730451268996723,0.32480235835810267,0.2761904761904762,0.16857787367749338,88.90341574631861,1.3001065119468247,90.09353037148594,92.81575259370815,15
44,2026-06-03T18:25:26.406109,0.36428571428571427,0.18191025904581395,-0.08210793596679464,0.7711235146715634,0.37142857142857144,0.058995845051235264,-0.28364310373171137,0.9412870921127799,0.2928571428571428,0.289471667212401,-0.1954381918938254,0.4851522909251589,0.2761904761904762,0.16857787367749338,0.34642857142857136,0.2058959920935512,-0.2730451268996723,0.32480235835810267,0.2761904761904762,0.16857787367749338,89.2373765896921,1.0162792564053258,90.20156668340026,92.81575259370815,15
45,2026-06-03T18:31:26.428088,0.6499999999999999,0.008711583621912303,0.6540194129944648,0.008171512627028817,0.5047619047619049,0.008269998948239689,0.07218610273904548,0.9425583877854689,0.2645220001749188,0.34072615313686716,-0.19957111024908553,0.47578139291614563,0.22966770070528586,0.23438104887262345,0.34642857142857136,0.2058959920935512,-0.2730451268996723,0.32480235835810267,0.2761904761904762,0.16857787367749338,90.12573209504687,1.1036657490309814,90.32780078647924,92.81575259370815,15
46,2026-06-03T18:37:23.131510,0.2928571428571428,0.289471667212401,-0.30612565484543314,0.26714037728251394,0.2761904761904762,0.16857787367749338,-0.37207236631659757,0.8945454545454546,0.22142857142857136,0.42771371901637,-0.18845403095738192,0.5011850744616895,0.18095238095238098,0.3794503959627968,0.34642857142857136,0.2058959920935512,-0.2730451268996723,0.32480235835810267,0.2761904761904762,0.16857787367749338,91.1005794009371,0.9316003922225917,90.43417419678713,92.81575259370815,15
47,2026-06-03T18:43:17.120938,0.2285714285714285,0.41256617049636035,-0.333736495137496,0.22411495394714986,0.1619047619047619,0.43511891093211363,-0.4594594594594594,0.8234260731319553,0.25,0.36884629178393047,-0.17570584348859927,0.5310705932973523,0.21904761904761905,0.2815660702955676,0.34642857142857136,0.2058959920935512,-0.2730451268996723,0.32480235835810267,0.2761904761904762,0.16857787367749338,91.75160015060241,1.1026219319022152,90.52159680388219,92.81575259370815,15
48,2026-06-03T18:49:11.136332,0.16785714285714282,0.5498555542278019,-0.2629319630994381,0.3437445890807472,0.14285714285714288,0.4950508526248027,-0.509179942543745,0.795256141661885,0.21428571428571427,0.44314093482351424,-0.14310186367718108,0.6109057727554031,0.1619047619047619,0.43511891093211363,0.34642857142857136,0.2058959920935512,-0.2730451268996723,0.32480235835810267,0.2761904761904762,0.16857787367749338,92.36201054216868,0.9366032478285021,90.6128158467202,92.81575259370815,15
49,2026-06-03T18:55:03.699129,0.22142857142857136,0.42771371901637,-0.32498826618963655,0.23724335978154923,0.21904761904761905,0.2815660702955676,-0.4412021046950891,0.8345330353364367,0.2071428571428571,0.4588428049634703,-0.11528657233988723,0.6824399779179761,0.1619047619047619,0.43511891093211363,0.2821428571428571,0.30828445682005556,-0.26480457429404847,0.3401912971516752,0.23809523809523814,0.23945881568583288,92.83506944444444,0.8191159347772049,90.70758032128515,92.95178631191432,15
50,2026-06-03T19:00:59.379212,0.1964285714285714,0.4828987562716336,-0.39185744543164175,0.14859160016033135,0.14285714285714288,0.4950508526248027,-0.5217471227621484,0.8239011638555412,0.2178571428571428,0.43539267351553756,-0.08951484839338669,0.7510538028382541,0.20000000000000004,0.3282335876694342,0.2178571428571428,0.43539267351553756,-0.38077707330995003,0.16144668764321687,0.18095238095238098,0.3794503959627968,93.03816306894244,0.9039590866043254,90.78697079986613,93.05932061579651,15
51,2026-06-03T19:06:51.136695,0.6178571428571428,0.014103928406489474,0.40125535367748283,0.1382416828305737,0.4476190476190477,0.020790615322361355,0.16303503298624913,0.9054588351757137,0.21428571428571427,0.44314093482351424,-0.08147921575317511,0.7728334962678104,0.1619047619047619,0.43511891093211363,0.2178571428571428,0.43539267351553756,-0.38077707330995003,0.16144668764321687,0.18095238095238098,0.3794503959627968,88.7553233768407,1.0240989559919573,90.85587140227578,93.05932061579651,15
52,2026-06-03T19:12:43.320572,0.3285714285714285,0.23180969720615968,0.0004464848283689301,0.9987399880991273,0.21904761904761905,0.2815660702955676,-0.33459530814415733,0.8232178345721213,0.15714285714285714,0.5759526006037947,-0.07958855110999587,0.7779815086921289,0.10476190476190476,0.6264945175158468,0.2178571428571428,0.43539267351553756,-0.38077707330995003,0.16144668764321687,0.18095238095238098,0.3794503959627968,88.49506358768409,1.471739867172532,90.92018072289156,93.05932061579651,15
53,2026-06-03T19:18:36.337899,0.5892857142857142,0.020794358483161638,0.7505273102203387,0.0012652000877943872,0.4476190476190477,0.020790615322361355,-0.01986389266964805,0.9304061112562023,0.2178571428571428,0.43539267351553756,-0.058683441365216235,0.8354318300171674,0.18095238095238098,0.3794503959627968,0.2178571428571428,0.43539267351553756,-0.38077707330995003,0.16144668764321687,0.18095238095238098,0.3794503959627968,88.8759203480589,1.2129762187574638,90.96658509036145,93.05932061579651,15
54,2026-06-03T19:24:31.851170,0.15,0.5936302027425882,-0.35593243717432227,0.19289193742321656,0.12380952380952381,0.5589660721223221,-0.4789067140036829,0.7477699010485892,0.2928571428571428,0.289471667212401,-0.028752061499772115,0.9189824482026068,0.21904761904761905,0.2815660702955676,0.2178571428571428,0.43539267351553756,-0.38077707330995003,0.16144668764321687,0.18095238095238098,0.3794503959627968,89.75803212851406,1.2591998513798233,91.02583249665328,93.05932061579651,15
55,2026-06-03T19:30:28.884535,0.10357142857142855,0.7133796306287292,-0.13594029034655408,0.6290447288028707,0.06666666666666668,0.770495669755301,-0.51840093619415,0.6934446172869049,0.2285714285714285,0.41256617049636035,-0.018041440733198723,0.9491161232335145,0.20000000000000004,0.3282335876694342,0.2178571428571428,0.43539267351553756,-0.38077707330995003,0.16144668764321687,0.18095238095238098,0.3794503959627968,90.50605547188756,0.8161318835330463,91.0852576974565,93.05932061579651,15
56,2026-06-03T19:36:21.113802,0.18214285714285713,0.5158816817070392,0.030630018528548332,0.9137083717849833,0.12380952380952381,0.5589660721223221,-0.496351026129271,0.7545126353790613,0.28928571428571426,0.29566536100437785,0.0027437763300807855,0.992256972336459,0.23809523809523814,0.23945881568583288,0.2178571428571428,0.43539267351553756,-0.38077707330995003,0.16144668764321687,0.18095238095238098,0.3794503959627968,91.24308693105755,1.015904858341345,91.12826305220884,93.05932061579651,15
57,2026-06-03T19:42:12.545952,0.3,0.27731678036838386,-0.3084493891526529,0.2633399082941881,0.2761904761904762,0.16857787367749338,-0.38768858398669526,0.8862437409685116,0.3321428571428571,0.2264717590707243,0.04423878868338711,0.8756017080904144,0.2761904761904762,0.16857787367749338,0.2178571428571428,0.43539267351553756,-0.38077707330995003,0.16144668764321687,0.18095238095238098,0.3794503959627968,91.97053840361447,0.9751914235263489,91.17401899263723,93.05932061579651,15
58,2026-06-03T19:48:10.911185,0.33928571428571425,0.2160289253419548,-0.37627963622336164,0.16686843395396675,0.29523809523809524,0.13946285911906778,-0.33710557327752605,0.8802232107630393,0.4071428571428571,0.13201266377985377,0.05215763464592781,0.8535388198172567,0.33333333333333337,0.09264256691158146,0.2178571428571428,0.43539267351553756,-0.38431714659971833,0.1572621964835013,0.18095238095238098,0.3794503959627968,92.61095423360106,0.8492473295582081,91.1987219712182,93.069015645917,15
59,2026-06-03T19:54:03.321560,0.2678571428571428,0.3344436005123538,-0.46248531558156736,0.08259546055415236,0.20000000000000004,0.3282335876694342,-0.4436363636363637,0.8484045970920409,0.42499999999999993,0.11429547548052224,0.05773906762181886,0.8380476275686647,0.37142857142857144,0.058995845051235264,0.20357142857142854,0.46679507248911234,-0.444631811477424,0.09679475358112614,0.1619047619047619,0.43511891093211363,93.06988370147253,0.7553373621090087,91.23904994979921,93.15217118473896,15
60,2026-06-03T21:09:08.986226,0.27499999999999997,0.3212111733193767,-0.46535201274537386,0.08046209652045366,0.20000000000000004,0.3282335876694342,-0.43942481569063846,0.8550790156458843,0.5821428571428571,0.022793687126414258,0.12527586810416344,0.6564218805544235,0.4476190476190477,0.020790615322361355,0.27499999999999997,0.3212111733193767,-0.4611613189559848,0.0835942278418149,0.20000000000000004,0.3282335876694342,93.2631358768407,0.7952047433953109,91.25876422356092,93.26975610776441,15
61,2026-06-03T21:14:09.575833,0.32499999999999996,0.23722543823723408,-0.022711795462336787,0.9359662470433782,0.2571428571428572,0.20184282422518202,-0.2501261467889908,0.8043566711219435,0.5892857142857142,0.020794358483161638,0.17530893308324583,0.5320136271510699,0.4666666666666667,0.015510823225067603,0.27499999999999997,0.3212111733193767,-0.4611613189559848,0.0835942278418149,0.20000000000000004,0.3282335876694342,88.20413947456493,1.8877915578299673,91.28921937751005,93.26975610776441,15
62,2026-06-03T21:19:12.288403,0.38928571428571423,0.15151193679039388,0.004619646748053728,0.9869635340267786,0.3142857142857143,0.11424717239544455,-0.23276208546444482,0.8581946640316206,0.6107142857142855,0.01559283142117561,0.23512181360018944,0.3989248718536787,0.4666666666666667,0.015510823225067603,0.27499999999999997,0.3212111733193767,-0.4611613189559848,0.0835942278418149,0.20000000000000004,0.3282335876694342,88.66366507697457,1.0577989590207881,91.32882571954487,93.26975610776441,15
63,2026-06-03T21:24:08.305022,0.27499999999999997,0.3212111733193767,-0.19559211649695346,0.4848017187997533,0.20000000000000004,0.3282335876694342,-0.37411748845895854,0.8257792156553302,0.6107142857142855,0.01559283142117561,0.27520663112116767,0.3208329206378485,0.4666666666666667,0.015510823225067603,0.27499999999999997,0.3212111733193767,-0.4611613189559848,0.0835942278418149,0.20000000000000004,0.3282335876694342,88.75998786813923,0.8588394111069173,91.34759872824631,93.26975610776441,15
64,2026-06-03T21:29:02.781360,0.04285714285714285,0.8794603130258999,-0.2424548169505695,0.3839415256318339,0.04761904761904762,0.845841042458974,-0.5761008410028563,0.6970887090257761,0.6321428571428571,0.011457541540078888,0.3321133784919359,0.22651550030732345,0.4666666666666667,0.015510823225067603,0.27499999999999997,0.3212111733193767,-0.4611613189559848,0.0835942278418149,0.20000000000000004,0.3282335876694342,89.75029283801875,0.9989020019938091,91.34980547188755,93.26975610776441,15
65,2026-06-03T21:34:01.837263,0.10357142857142855,0.7133796306287292,-0.30644354667888574,0.266618518793863,0.04761904761904762,0.845841042458974,-0.539319045915799,0.6691449814126395,0.6321428571428571,0.011457541540078888,0.36108024193776855,0.18607499919377787,0.4666666666666667,0.015510823225067603,0.27499999999999997,0.3212111733193767,-0.4611613189559848,0.0835942278418149,0.20000000000000004,0.3282335876694342,90.39482931726907,1.273962539129857,91.3609437751004,93.26975610776441,15
66,2026-06-03T21:38:58.771587,0.3714285714285714,0.17284974708033998,-0.25722465725388677,0.3547019243802483,0.33333333333333337,0.09264256691158146,-0.30659741718135874,0.9157700285195743,0.6607142857142856,0.007330569830891703,0.40785413062636205,0.1312732960362784,0.5047619047619049,0.008269998948239689,0.27499999999999997,0.3212111733193767,-0.4611613189559848,0.0835942278418149,0.20000000000000004,0.3282335876694342,91.35644661981256,1.1401529412780318,91.37609814257029,93.26975610776441,15
67,2026-06-03T21:44:03.293117,0.33928571428571425,0.2160289253419548,-0.39260888875617994,0.1477454766554701,0.3142857142857143,0.11424717239544455,-0.338237772771461,0.9095840867992765,0.6357142857142856,0.0108607461687898,0.45681038310985594,0.0869368388674604,0.4666666666666667,0.015510823225067603,0.27499999999999997,0.3212111733193767,-0.4611613189559848,0.0835942278418149,0.20000000000000004,0.3282335876694342,92.02091700133869,1.1220946780033956,91.38351321954484,93.26975610776441,15
68,2026-06-03T21:49:11.354335,0.25,0.36884629178393047,-0.3364359343641735,0.22015807787930014,0.18095238095238098,0.3794503959627968,-0.45738091516416,0.8336422271691657,0.6678571428571428,0.006509956694715437,0.5307620640117758,0.04178651230720511,0.5238095238095238,0.005901586283902752,0.27499999999999997,0.3212111733193767,-0.45488392827897417,0.08844667554661817,0.20000000000000004,0.3282335876694342,92.73184404283802,0.9447850529155492,91.40789198460509,93.27464022757698,15
69,2026-06-03T21:54:08.408941,0.3321428571428571,0.2264717590707243,-0.29094602853698787,0.2927763625684245,0.29523809523809524,0.13946285911906778,-0.3311345877166351,0.8891095601826682,0.7428571428571428,0.00150948887823503,0.5669130737448244,0.027542839757450865,0.6000000000000001,0.0012858607977242237,0.27499999999999997,0.3212111733193767,-0.4128965298234963,0.12611249341232786,0.20000000000000004,0.3282335876694342,93.10669762382865,0.8526557510333734,91.4272402108434,93.30422732597054,15
70,2026-06-03T21:59:08.664289,0.33571428571428563,0.22121153763932594,-0.28849189416782944,0.297052536784282,0.29523809523809524,0.13946285911906778,-0.3490930696360313,0.8917141651540824,0.7249999999999999,0.0022270323137542148,0.6071788747433574,0.016373204802709932,0.6000000000000001,0.0012858607977242237,0.2821428571428571,0.30828445682005556,-0.37895019574116606,0.16363473377136978,0.23809523809523814,0.23945881568583288,93.27966030789824,0.930088030815349,91.46163821954482,93.36596385542167,15
71,2026-06-03T22:04:04.936035,0.32499999999999996,0.23722543823723408,-0.03731824237850853,0.894953614766052,0.23809523809523814,0.23945881568583288,-0.23414110459869286,0.7989305301645334,0.7142857142857142,0.0027743838176388096,0.6290898604826335,0.011987658432302413,0.580952380952381,0.0019359627197342143,0.2821428571428571,0.30828445682005556,-0.37895019574116606,0.16363473377136978,0.23809523809523814,0.23945881568583288,88.359343624498,1.1266127964007526,91.4967578647925,93.36596385542167,15
72,2026-06-03T22:09:01.163351,0.3107142857142856,0.2596673973372179,-0.1500574230609545,0.5934872226409073,0.18095238095238098,0.3794503959627968,-0.30308529945553536,0.7802322441263837,0.7107142857142856,0.002978994886802742,0.6322662501436822,0.011436505994365392,0.561904761904762,0.0028582293753424705,0.2821428571428571,0.30828445682005556,-0.37895019574116606,0.16363473377136978,0.23809523809523814,0.23945881568583288,88.64049949799194,1.1633200005634063,91.51032254016064,93.36596385542167,15
73,2026-06-03T22:14:16.412167,0.18214285714285713,0.5158816817070392,-0.3499161948767478,0.2010606371145813,0.14285714285714288,0.4950508526248027,-0.44627565489777565,0.7477156315364725,0.6928571428571427,0.0041902329602981365,0.6728213097900734,0.005983616258620385,0.5428571428571429,0.00414288160001619,0.2821428571428571,0.30828445682005556,-0.37895019574116606,0.16363473377136978,0.23809523809523814,0.23945881568583288,88.88945364792502,1.0465214429791343,91.53531835676038,93.36596385542167,15
74,2026-06-03T22:19:12.585163,0.42499999999999993,0.11429547548052224,0.06928153497736908,0.8061919403372202,0.29523809523809524,0.13946285911906778,-0.2513761467889908,0.8620752123938029,0.7107142857142856,0.002978994886802742,0.6734566576143048,0.005918752233855919,0.561904761904762,0.0028582293753424705,0.2821428571428571,0.30828445682005556,-0.37895019574116606,0.16363473377136978,0.23809523809523814,0.23945881568583288,89.18126673360105,0.8629517522007571,91.5320971385542,93.36596385542167,15
75,2026-06-03T22:24:12.220768,0.6321428571428571,0.011457541540078888,0.3279089680092551,0.23280837780139976,0.4476190476190477,0.020790615322361355,0.12521553775315633,0.8878842676311031,0.7178571428571427,0.002581165308218854,0.6865143337055288,0.004704041552213188,0.580952380952381,0.0019359627197342143,0.2821428571428571,0.30828445682005556,-0.37895019574116606,0.16363473377136978,0.23809523809523814,0.23945881568583288,90.60889390896922,0.9907691833649461,91.5291687583668,93.36596385542167,15
76,2026-06-03T22:29:07.931069,0.1714285714285714,0.5412721760996331,-0.35272957652637127,0.19721357122684463,0.12380952380952381,0.5589660721223221,-0.5164292289988494,0.80506293296907,0.7464285714285712,0.001391411089063054,0.704050988491644,0.003392869955191092,0.6000000000000001,0.0012858607977242237,0.2821428571428571,0.30828445682005556,-0.37895019574116606,0.16363473377136978,0.23809523809523814,0.23945881568583288,91.21346845716197,0.910731478974338,91.55441557898261,93.36596385542167,15
77,2026-06-03T22:34:04.955520,0.125,0.6571356681869504,-0.4113532152206648,0.1276770565092612,0.04761904761904762,0.845841042458974,-0.5755730042803359,0.7576853526220615,0.7464285714285712,0.001391411089063054,0.7259615857161839,0.002182495888098465,0.6000000000000001,0.0012858607977242237,0.2821428571428571,0.30828445682005556,-0.37895019574116606,0.16363473377136978,0.23809523809523814,0.23945881568583288,92.14617846385542,0.9529916391059632,91.56515645917003,93.36596385542167,15
78,2026-06-03T22:39:01.386169,0.38214285714285706,0.1598236299869673,-0.21729910212166503,0.43659879758438086,0.3142857142857143,0.11424717239544455,-0.2823384414350202,0.9049446725473939,0.7678571428571428,0.0008293296291369939,0.7370750271108736,0.0017176691768770666,0.6380952380952382,0.0005320215605847219,0.2821428571428571,0.30828445682005556,-0.37895019574116606,0.16363473377136978,0.23809523809523814,0.23945881568583288,92.70580237617135,0.9205879517127349,91.58425368139224,93.36596385542167,15
79,2026-06-03T22:44:04.236510,0.3428571428571428,0.21092379341475206,-0.32499154983210743,0.23723834445097317,0.29523809523809524,0.13946285911906778,-0.3333634719710668,0.8876853921170258,0.7749999999999999,0.0006896453939514363,0.7627222831074207,0.0009432653156008222,0.6380952380952382,0.0005320215605847219,0.3071428571428571,0.2654726857102779,-0.3668011493027181,0.17868494096601778,0.2761904761904762,0.16857787367749338,93.21633408634538,0.8071235643762116,91.62338939089692,93.38734103078981,15
80,2026-06-03T22:49:18.745630,0.35,0.2009453508162933,-0.39493729109927256,0.1451442569751895,0.3142857142857143,0.11424717239544455,-0.3064887406171809,0.8919291534181233,0.782142857142857,0.0005697096277734958,0.7674851717670963,0.0008371883780317453,0.6380952380952382,0.0005320215605847219,0.3214285714285714,0.24271904680166836,-0.38391158871811976,0.15773787905527228,0.2761904761904762,0.16857787367749338,93.36474021084337,0.9020829958108767,91.66599732262384,93.4421017402945,15
81,2026-06-03T22:54:15.248046,0.3142857142857143,0.2539400163236714,-0.3116237874615796,0.2582014646419276,0.3142857142857143,0.11424717239544455,-0.341898803729569,0.891314157902998,0.7785714285714285,0.0006273501294803568,0.7875216051621842,0.0004910935975884655,0.6190476190476191,0.0008364083878716816,0.3214285714285714,0.24271904680166836,-0.38391158871811976,0.15773787905527228,0.2761904761904762,0.16857787367749338,88.8455279451138,1.4571809853900854,91.6998514892905,93.4421017402945,15
82,2026-06-03T22:59:11.987560,0.5107142857142856,0.05172549836826929,0.09702090412354586,0.7308654815802316,0.3904761904761905,0.04629247541540862,-0.03261464614408125,0.8953068592057761,0.782142857142857,0.0005697096277734958,0.7729628587507131,0.0007273702374853107,0.6571428571428571,0.00033037090163412914,0.3214285714285714,0.24271904680166836,-0.38391158871811976,0.15773787905527228,0.2761904761904762,0.16857787367749338,88.80463520749666,1.1337254779248238,91.72216992971887,93.4421017402945,15
83,2026-06-03T23:04:08.943562,0.47142857142857136,0.07607042915033121,0.250242553909682,0.36836648779593967,0.3523809523809524,0.07433498084899375,-0.11329187035424891,0.8336347197106689,0.782142857142857,0.0005697096277734958,0.7734686423227207,0.0007178511796290257,0.6380952380952382,0.0005320215605847219,0.3214285714285714,0.24271904680166836,-0.38391158871811976,0.15773787905527228,0.2761904761904762,0.16857787367749338,88.9418298192771,1.0510911050928105,91.75649472891565,93.4421017402945,15
84,2026-06-03T23:09:05.318711,0.4035714285714285,0.13576799650365623,0.045751574702935414,0.8713798431787232,0.3142857142857143,0.11424717239544455,-0.20656127392105053,0.8722916474175361,0.6964285714285713,0.003921190506879554,0.7798627301800156,0.0006059864540026521,0.5238095238095238,0.005901586283902752,0.3214285714285714,0.24271904680166836,-0.38391158871811976,0.15773787905527228,0.2761904761904762,0.16857787367749338,89.80375669344043,1.1637260152417306,91.75595088688085,93.4421017402945,15
85,2026-06-03T23:14:19.858132,0.08214285714285713,0.7710285652881772,-0.43996565414431166,0.10077167102928018,0.04761904761904762,0.845841042458974,-0.5584142701394705,0.7200127041742286,0.754245162660917,0.0011588705971637327,0.7884572375299759,0.00047836872993334316,0.5933082268219885,0.0021265238749267235,0.3214285714285714,0.24271904680166836,-0.38391158871811976,0.15773787905527228,0.2761904761904762,0.16857787367749338,90.43353622824633,0.8494562471724897,91.78640604082999,93.4421017402945,15
86,2026-06-03T23:19:15.553918,0.18928571428571428,0.49926303323854526,-0.2134850367274031,0.4448874615348911,0.18095238095238098,0.3794503959627968,-0.49639755890211334,0.819494584837545,0.7464285714285712,0.001391411089063054,0.8142086829667619,0.00021991437059854305,0.6190476190476191,0.0008364083878716816,0.3214285714285714,0.24271904680166836,-0.38391158871811976,0.15773787905527228,0.2761904761904762,0.16857787367749338,91.41244143239626,0.8819747648511502,91.80217745983937,93.4421017402945,15
87,2026-06-03T23:24:13.144317,0.32499999999999996,0.23722543823723408,-0.2936983279330353,0.28802411980769266,0.3142857142857143,0.11424717239544455,-0.34068947505876196,0.9080924514301135,0.8275249059526175,0.00014032636381573735,0.8426996767339652,8.016023905694719e-05,0.6698641270570838,0.0005236624799359955,0.3214285714285714,0.24271904680166836,-0.38391158871811976,0.15773787905527228,0.2761904761904762,0.16857787367749338,92.05072372824631,0.8988351544732405,91.81226991298527,93.4421017402945,15
88,2026-06-03T23:29:10.484015,0.3771225813304585,0.1658432175058251,-0.24034200705961323,0.3882271611666925,0.2870846258816073,0.1371637754520923,-0.2773811510920135,0.859736558178839,0.7964285714285713,0.00038046767853463354,0.8562751006695943,4.61437838482558e-05,0.6571428571428571,0.00033037090163412914,0.3214285714285714,0.24271904680166836,-0.38391158871811976,0.15773787905527228,0.2761904761904762,0.16857787367749338,92.77901188085677,0.7900127689275149,91.83404451137886,93.4421017402945,15
89,2026-06-03T23:34:07.609259,0.28571428571428564,0.3019363513225493,-0.3485105674604933,0.20300060405930126,0.23809523809523814,0.23945881568583288,-0.4327272727272728,0.8589511754068715,0.7499999999999999,0.001280898450935536,0.8619859462629166,3.596796394932445e-05,0.6000000000000001,0.0012858607977242237,0.3285714285714285,0.23180969720615968,-0.3904632497618764,0.15017005722720636,0.29523809523809524,0.13946285911906778,93.3266503514056,0.8239378254018089,91.8805952978581,93.48420766398928,15
90,2026-06-03T23:39:07.747830,0.28571428571428564,0.3019363513225493,-0.3826989633995412,0.15916588621404837,0.23809523809523814,0.23945881568583288,-0.4175974025974025,0.8608248763986465,0.7392857142857142,0.0016355111435407642,0.868742923828573,2.6399685244771393e-05,0.6000000000000001,0.0012858607977242237,0.2928571428571428,0.289471667212401,-0.390796955057923,0.149791230475398,0.2571428571428572,0.20184282422518202,93.52644954819276,0.8383555964667858,91.89401355421687,93.56428840361444,15
91,2026-06-03T23:44:19.316756,0.42142857142857143,0.11769939585541649,-0.2693444564144993,0.33166319887908474,0.37142857142857144,0.058995845051235264,-0.2459359165424739,0.911764705882353,0.7678571428571428,0.0008293296291369939,0.864127709745623,3.266696239895737e-05,0.6190476190476191,0.0008364083878716816,0.2928571428571428,0.289471667212401,-0.390796955057923,0.149791230475398,0.2571428571428572,0.20184282422518202,87.99381902610442,1.722284257876677,91.9279409303882,93.56428840361444,15
92,2026-06-03T23:49:15.739689,0.18928571428571428,0.49926303323854526,-0.44606380128922885,0.09559671524129525,0.21904761904761905,0.2815660702955676,-0.4632486146632567,0.8481372662873065,0.7999999999999999,0.0003422698330356917,0.8770736436390789,1.7602419531098072e-05,0.6571428571428571,0.00033037090163412914,0.2928571428571428,0.289471667212401,-0.390796955057923,0.149791230475398,0.2571428571428572,0.20184282422518202,88.30523134203482,1.2766003538379536,91.97174113119142,93.56428840361444,15
93,2026-06-03T23:54:12.694157,0.6035714285714285,0.01720013806879533,0.6567840349576716,0.007815545387935805,0.4476190476190477,0.020790615322361355,0.0368869506876887,0.8935925467086316,0.8185883518926541,0.0001904576701696359,0.8664399267134376,2.9388940978287792e-05,0.6698641270570838,0.0005236624799359955,0.2928571428571428,0.289471667212401,-0.390796955057923,0.149791230475398,0.2571428571428572,0.20184282422518202,88.99846260040161,1.3329642699338027,92.01055262717537,93.56428840361444,15
94,2026-06-03T23:59:08.743367,0.4071428571428571,0.13201266377985377,-0.045852743239962114,0.8710976169531897,0.33333333333333337,0.09264256691158146,-0.18172965696051052,0.8834244080145719,0.7499999999999999,0.001280898450935536,0.857008441112268,4.471747883512827e-05,0.6000000000000001,0.0012858607977242237,0.2928571428571428,0.289471667212401,-0.390796955057923,0.149791230475398,0.2571428571428572,0.20184282422518202,89.42841156291836,0.9764896367537849,92.03833040495314,93.56428840361444,15
95,2026-06-04T00:04:10.199581,0.22142857142857136,0.42771371901637,-0.03226876002807809,0.9091088322693291,0.1619047619047619,0.43511891093211363,-0.35135135135135126,0.7383262377665077,0.7892857142857141,0.0004673267561781759,0.8600592280142499,3.916895470052001e-05,0.6190476190476191,0.0008364083878716816,0.2928571428571428,0.289471667212401,-0.390796955057923,0.149791230475398,0.2571428571428572,0.20184282422518202,90.58356342034806,0.8936145364080196,92.07131651606424,93.56428840361444,15
96,2026-06-04T00:09:07.695823,0.12142857142857141,0.6664011137233894,-0.36564010392305035,0.18016896720187994,0.08571428571428572,0.6971814254173712,-0.5326086956521741,0.7231830354054873,0.7714285714285712,0.0007568751073803471,0.8586151898343517,4.171954772059871e-05,0.6000000000000001,0.0012858607977242237,0.2928571428571428,0.289471667212401,-0.390796955057923,0.149791230475398,0.2571428571428572,0.20184282422518202,91.59829944779116,0.8621398911114011,92.10831869143239,93.56428840361444,15
97,2026-06-04T00:14:06.693479,0.4535714285714285,0.08948590014302728,-0.1371605084708972,0.6259398358896286,0.4285714285714286,0.027495265215751328,-0.21030958731681004,0.9488163621409044,0.782142857142857,0.0005697096277734958,0.8679168215445375,2.7441501370726203e-05,0.6380952380952382,0.0005320215605847219,0.2928571428571428,0.289471667212401,-0.390796955057923,0.149791230475398,0.2571428571428572,0.20184282422518202,92.24725987282464,0.8889279637170768,92.17074548192771,93.56428840361444,15
98,2026-06-04T00:19:16.384799,0.27499999999999997,0.3212111733193767,-0.34890047396254825,0.20246128159247448,0.2571428571428572,0.20184282422518202,-0.4130494946253811,0.8571688311688305,0.807142857142857,0.0002752442706954192,0.8691058523440844,2.5952469595665022e-05,0.6571428571428571,0.00033037090163412914,0.2928571428571428,0.289471667212401,-0.390796955057923,0.149791230475398,0.2571428571428572,0.20184282422518202,92.91800535475232,0.8638490291567845,92.20474606760374,93.56428840361444,15
99,2026-06-04T00:24:13.362803,0.30357142857142855,0.27135583600386853,-0.46063163008855007,0.08399619717140848,0.2571428571428572,0.20184282422518202,-0.35883774695250104,0.8439272140245666,0.7917786897127636,0.00043534671795822665,0.8658798343720036,3.015679320003775e-05,0.6315861769395361,0.001074867894760865,0.2928571428571428,0.289471667212401,-0.42188985625745484,0.11725586523519918,0.2571428571428572,0.20184282422518202,93.38947456492636,0.8452907835601966,92.24941432396251,93.58298820281124,15
100,2026-06-04T00:29:16.186149,0.37499999999999994,0.16843274984674558,-0.41507098151051874,0.12393043559765,0.3523809523809524,0.07433498084899375,-0.28727897419036663,0.9021783355609719,0.7649690275328731,0.0008919483903002299,0.864770049169607,3.1727378085683614e-05,0.6124472018807623,0.0015188171069272151,0.38928571428571423,0.15151193679039388,-0.41150021504331435,0.127527464377873,0.3523809523809524,0.07433498084899375,93.6319235274431,0.8101662164479239,92.3124581659973,93.65778739959838,15
101,2026-06-04T00:34:14.086926,0.20357142857142854,0.46679507248911234,-0.22015459640168789,0.4304449109328831,0.21904761904761905,0.2815660702955676,-0.4224070462989801,0.830905540918378,0.7071428571428571,0.0031954812582450634,0.863999205927951,3.2857669767394216e-05,0.5428571428571429,0.00414288160001619,0.38928571428571423,0.15151193679039388,-0.41150021504331435,0.127527464377873,0.3523809523809524,0.07433498084899375,88.50101447456493,1.3182343423245844,92.33976531124499,93.65778739959838,15
102,2026-06-04T00:39:10.826305,0.12857142857142856,0.6479163294665075,-0.24480120415000534,0.3792120836076738,0.04761904761904762,0.845841042458974,-0.5847029058412735,0.7038707436679876,0.7214285714285712,0.002398868072673344,0.8562229098396024,4.624670896319091e-05,0.5428571428571429,0.00414288160001619,0.38928571428571423,0.15151193679039388,-0.41150021504331435,0.127527464377873,0.3523809523809524,0.07433498084899375,88.48860023427042,0.8940045512553942,92.38733057228916,93.65778739959838,15
103,2026-06-04T00:44:19.558297,0.3071428571428571,0.2654726857102779,0.21770288542380253,0.43572590944793455,0.21904761904761905,0.2815660702955676,-0.22465810276679843,0.7340740188772975,0.7428571428571428,0.00150948887823503,0.8525209222849526,5.4048054543194026e-05,0.561904761904762,0.0028582293753424705,0.38928571428571423,0.15151193679039388,-0.41150021504331435,0.127527464377873,0.3523809523809524,0.07433498084899375,88.77063462182062,1.028024181459562,92.43735358099063,93.65778739959838,15
104,2026-06-04T00:49:16.663500,0.3107142857142856,0.2596673973372179,0.12103085485148793,0.6674357234519201,0.14285714285714288,0.4950508526248027,-0.3176404012604203,0.7174168105477945,0.7499999999999999,0.001280898450935536,0.8402245850050147,8.816546023913633e-05,0.580952380952381,0.0019359627197342143,0.38928571428571423,0.15151193679039388,-0.41150021504331435,0.127527464377873,0.3523809523809524,0.07433498084899375,89.35639432730925,0.885970468272801,92.46386588018738,93.65778739959838,15
105,2026-06-04T00:54:16.662780,0.42142857142857143,0.11769939585541649,0.1599368264201236,0.5690979799699936,0.3142857142857143,0.11424717239544455,-0.16820423126710737,0.8369565217391307,0.7703309599688514,0.0007785727621161951,0.8359219782183316,0.000103646410483895,0.5933082268219885,0.0021265238749267235,0.38928571428571423,0.15151193679039388,-0.41150021504331435,0.127527464377873,0.3523809523809524,0.07433498084899375,90.3951639892905,1.0474193472441902,92.4938504016064,93.65778739959838,15
106,2026-06-04T00:59:12.838177,0.3321428571428571,0.2264717590707243,-0.2639624251538607,0.34178671192751464,0.29523809523809524,0.13946285911906778,-0.32371948870943523,0.8774829865837058,0.7999999999999999,0.0003422698330356917,0.8389739896928184,9.245409359265207e-05,0.6190476190476191,0.0008364083878716816,0.38928571428571423,0.15151193679039388,-0.41150021504331435,0.127527464377873,0.3523809523809524,0.07433498084899375,91.66630061914321,0.7965999243861859,92.5576158801874,93.65778739959838,15
107,2026-06-04T01:04:09.803030,0.44999999999999996,0.09235737494812256,-0.40671372472589823,0.13246011417252038,0.40952380952380957,0.03589723736788882,-0.20663142292490116,0.9412870921127799,0.7714285714285712,0.0007568751073803471,0.8320609364518651,0.00011938137652702286,0.6000000000000001,0.0012858607977242237,0.38928571428571423,0.15151193679039388,-0.41150021504331435,0.127527464377873,0.3523809523809524,0.07433498084899375,92.37009496318609,0.8767511802871646,92.58760040160641,93.65778739959838,15
108,2026-06-04T01:09:06.815442,0.3107142857142856,0.2596673973372179,-0.46783563887950885,0.07864582789380928,0.2571428571428572,0.20184282422518202,-0.3857963456908523,0.8772579952491513,0.7857142857142856,0.0005164547475705882,0.8195083478077011,0.00018470194268586975,0.6000000000000001,0.0012858607977242237,0.38928571428571423,0.15151193679039388,-0.41150021504331435,0.127527464377873,0.3523809523809524,0.07433498084899375,93.01084546519411,0.8748622631731049,92.61971845716198,93.65778739959838,15
109,2026-06-04T01:14:19.650191,0.3571428571428571,0.19127476343157904,-0.45971230658480716,0.08469710947208242,0.29523809523809524,0.13946285911906778,-0.29545505916766385,0.872495446265938,0.7857142857142856,0.0005164547475705882,0.8186700509619815,0.0001899406604969597,0.6000000000000001,0.0012858607977242237,0.42499999999999993,0.11429547548052224,-0.39535159193202446,0.14468466376552536,0.3904761904761905,0.04629247541540862,93.54304718875501,0.7727904732183458,92.67881944444444,93.68519912985272,15
110,2026-06-04T01:19:19.090587,0.4486150138101662,0.09348820539341617,-0.4621220934206183,0.0828686103757159,0.421057451293024,0.02924957136957992,-0.21090909090909093,0.9350209776563568,0.8678571428571429,2.7518063955129248e-05,0.7992774161105233,0.0003497335645113435,0.6761904761904762,0.00019989992034469547,0.4035714285714285,0.13576799650365623,-0.4485026831751109,0.09358034801286662,0.3523809523809524,0.07433498084899375,93.75283425368139,0.8189690401900552,92.71455614123161,93.79070448460509,15
111,2026-06-04T01:24:15.217500,0.23928571428571427,0.39037931192023567,-0.07955268637954534,0.778079246835485,0.20000000000000004,0.3282335876694342,-0.36009090909090913,0.7541953745483597,0.8607142857142854,3.8055250226647814e-05,0.7816267692571701,0.0005777616318193177,0.6571428571428571,0.00033037090163412914,0.4035714285714285,0.13576799650365623,-0.4485026831751109,0.09358034801286662,0.3523809523809524,0.07433498084899375,88.35788989290496,1.7179475724407953,92.74960257697457,93.79070448460509,15
112,2026-06-04T01:29:12.075558,0.48571428571428565,0.06642631232518958,0.45672344277032806,0.08700458101960898,0.3142857142857143,0.11424717239544455,-0.11523284990297233,0.8141368705643799,0.7964285714285713,0.00038046767853463354,0.7800015696359474,0.0006037251372746742,0.6380952380952382,0.0005320215605847219,0.4035714285714285,0.13576799650365623,-0.4485026831751109,0.09358034801286662,0.3523809523809524,0.07433498084899375,88.28540202476574,1.2172231702522291,92.79828689759036,93.79070448460509,15
113,2026-06-04T01:34:07.840246,0.2821428571428571,0.30828445682005556,-0.07310457627577793,0.795700456589073,0.2571428571428572,0.20184282422518202,-0.36654062547518884,0.8464629707661321,0.7357142857142855,0.0017698686421442707,0.7379710956545211,0.0016839767530392226,0.561904761904762,0.0028582293753424705,0.4035714285714285,0.13576799650365623,-0.4485026831751109,0.09358034801286662,0.3523809523809524,0.07433498084899375,89.11937332663992,1.038778705652813,92.8407484103079,93.79070448460509,15
114,2026-06-04T01:39:03.135947,0.1964285714285714,0.4828987562716336,-0.2621803997632546,0.34517651889547585,0.14285714285714288,0.4950508526248027,-0.464535519125683,0.7866221013721943,0.782142857142857,0.0005697096277734958,0.6980840078856602,0.003801237082313872,0.6380952380952382,0.0005320215605847219,0.4035714285714285,0.13576799650365623,-0.4485026831751109,0.09358034801286662,0.3523809523809524,0.07433498084899375,90.14228790160641,1.2027634067120094,92.89344879518073,93.79070448460509,15
115,2026-06-04T01:44:18.838508,0.2321428571428571,0.40509874069364893,-0.0733985209011965,0.7948951110313927,0.20000000000000004,0.3282335876694342,-0.3718570529592952,0.8014440433212996,0.7535714285714286,0.001177583023488826,0.6729488623386739,0.005970549352283896,0.580952380952381,0.0019359627197342143,0.4035714285714285,0.13576799650365623,-0.4485026831751109,0.09358034801286662,0.3523809523809524,0.07433498084899375,90.70809278781795,1.0970695892703413,92.96383450468541,93.79070448460509,15
116,2026-06-04T01:49:14.907375,0.049999999999999996,0.859540943467457,-0.5521586233270305,0.032823270690513204,0.028571428571428574,0.9225700904951897,-0.6000547445255474,0.6873151405556464,0.7571428571428571,0.0010811081941858346,0.6642364017889844,0.006916348670821288,0.6000000000000001,0.0012858607977242237,0.4035714285714285,0.13576799650365623,-0.4485026831751109,0.09358034801286662,0.3523809523809524,0.07433498084899375,91.79846469210173,0.7925245812249971,93.00557438085676,93.79070448460509,15
117,2026-06-04T01:54:10.044507,0.28928571428571426,0.29566536100437785,-0.18214247231729802,0.5158825837826807,0.2571428571428572,0.20184282422518202,-0.3761753536982894,0.8517312610983494,0.6964285714285713,0.003921190506879554,0.6424095214111744,0.009807409933271293,0.5238095238095238,0.005901586283902752,0.4035714285714285,0.13576799650365623,-0.4485026831751109,0.09358034801286662,0.3523809523809524,0.07433498084899375,92.47574673694778,0.9460149017901901,93.05125711178044,93.79070448460509,15
118,2026-06-04T01:59:06.155012,0.27499999999999997,0.3212111733193767,-0.34264984620028194,0.21121799538251268,0.2571428571428572,0.20184282422518202,-0.3823952308196006,0.8589575404260318,0.7928571428571427,0.0004220771851923507,0.6178282014541814,0.014109730294058319,0.6190476190476191,0.0008364083878716816,0.4035714285714285,0.13576799650365623,-0.4485026831751109,0.09358034801286662,0.3523809523809524,0.07433498084899375,93.09222305890226,0.8425169828846757,93.1025455990629,93.79070448460509,15
119,2026-06-04T02:04:02.548974,0.20357142857142854,0.46679507248911234,-0.3258004149696678,0.2360049148156584,0.14285714285714288,0.4950508526248027,-0.46739181037972644,0.8040016176122464,0.7857142857142856,0.0005164547475705882,0.602393574810513,0.017476974113160543,0.6190476190476191,0.0008364083878716816,0.4071428571428571,0.13201266377985377,-0.45991679444898426,0.08454084552573901,0.3523809523809524,0.07433498084899375,93.56919344042838,0.7933780602992138,93.15256860776438,93.82893030455153,15
120,2026-06-04T06:57:34.675815,0.1857142857142857,0.5075409629336737,-0.35690686614513883,0.19158936758864956,0.12380952380952381,0.5589660721223221,-0.49723006791136215,0.793559634656355,0.7642857142857141,0.0009073101116849778,0.5741644364624742,0.02519650967580631,0.6000000000000001,0.0012858607977242237,0.3428571428571428,0.21092379341475206,-0.4288817563117705,0.11067363089830666,0.2761904761904762,0.16857787367749338,93.7651229919679,0.8298665240806169,93.19897297523427,93.89646084337349,15
121,2026-06-04T07:02:15.879474,0.3571428571428571,0.19127476343157904,0.14849304332051938,0.5973873794614385,0.2761904761904762,0.16857787367749338,-0.23937069187329868,0.8104214261574856,0.7749999999999999,0.0006896453939514363,0.5438650350386428,0.03610667210364866,0.6000000000000001,0.0012858607977242237,0.3428571428571428,0.21092379341475206,-0.4288817563117705,0.11067363089830666,0.2761904761904762,0.16857787367749338,88.71391817269077,1.287564608513693,93.26201681726907,93.89646084337349,15
122,2026-06-04T07:06:54.842267,0.38214285714285706,0.1598236299869673,-0.08698091273105625,0.7579037599114463,0.33333333333333337,0.09264256691158146,-0.2768339483394834,0.8987387469725358,0.7238608788570413,0.002280731283513896,0.51332039662822,0.050343996719735516,0.535891301645667,0.005525588679138959,0.3428571428571428,0.21092379341475206,-0.4288817563117705,0.11067363089830666,0.2761904761904762,0.16857787367749338,89.14996444109774,1.2060095106961723,93.28520331325299,93.89646084337349,15
123,2026-06-04T07:11:33.294201,0.2178571428571428,0.43539267351553756,-0.35014650764342203,0.2007439097685193,0.1619047619047619,0.43511891093211363,-0.40983606557377045,0.7761474513960188,0.7357142857142855,0.0017698686421442707,0.4761783193875532,0.07275927361597162,0.5428571428571429,0.00414288160001619,0.3428571428571428,0.21092379341475206,-0.4288817563117705,0.11067363089830666,0.2761904761904762,0.16857787367749338,89.24430011713521,1.1507943369453666,93.31164240294513,93.89646084337349,15
124,2026-06-04T07:16:26.678487,0.014285714285714282,0.9596997645989476,-0.014198017912543047,0.9599469741217662,0.009523809523809525,1.0,-0.616091461645878,0.618185988323603,0.7321428571428571,0.0019129636009785611,0.46574128416693417,0.08017546584880135,0.5428571428571429,0.00414288160001619,0.3428571428571428,0.21092379341475206,-0.4288817563117705,0.11067363089830666,0.2761904761904762,0.16857787367749338,89.69907756024097,0.927773738757253,93.34777652275768,93.89646084337349,15
125,2026-06-04T07:21:10.064897,0.39642857142857135,0.1434945314423536,-0.2699543257130066,0.330526910744907,0.3142857142857143,0.11424717239544455,-0.27007299270072993,0.8770698250626912,0.7678571428571428,0.0008293296291369939,0.40880161640074636,0.13029277291737695,0.580952380952381,0.0019359627197342143,0.3428571428571428,0.21092379341475206,-0.4288817563117705,0.11067363089830666,0.2761904761904762,0.16857787367749338,90.77363621151271,1.3069117271860875,93.38430806559572,93.89646084337349,15
126,2026-06-04T07:25:48.900210,0.3214285714285714,0.24271904680166836,-0.21413250342340023,0.4434748685439058,0.2761904761904762,0.16857787367749338,-0.38086527293844363,0.8901149125097935,0.7321428571428571,0.0019129636009785611,0.3939225646451626,0.1462740614396166,0.5428571428571429,0.00414288160001619,0.3428571428571428,0.21092379341475206,-0.4288817563117705,0.11067363089830666,0.2761904761904762,0.16857787367749338,91.79590235943776,0.8745940846162131,93.40734814257029,93.89646084337349,15
127,2026-06-04T07:30:26.416545,0.2821428571428571,0.30828445682005556,-0.2608012447473037,0.3478128563602685,0.21904761904761905,0.2815660702955676,-0.4200797370831314,0.858741437377737,0.7142857142857142,0.0027743838176388096,0.34981593723833937,0.2011986119552543,0.5238095238095238,0.005901586283902752,0.3428571428571428,0.21092379341475206,-0.4288817563117705,0.11067363089830666,0.2761904761904762,0.16857787367749338,92.48308860441766,0.8090529671773576,93.44174615127174,93.89646084337349,15
128,2026-06-04T07:35:05.161895,0.23571428571428568,0.3977029459032728,-0.38215454122203213,0.15980979191350142,0.20000000000000004,0.3282335876694342,-0.43491304347826093,0.820842314933559,0.6785714285714285,0.005416550219591705,0.32253087485847154,0.24101516137970186,0.4666666666666667,0.015510823225067603,0.3428571428571428,0.21092379341475206,-0.4288817563117705,0.11067363089830666,0.2761904761904762,0.16857787367749338,93.17025393239625,0.8359636411043904,93.45382571954484,93.89646084337349,15
129,2026-06-04T07:39:42.058568,0.28571428571428564,0.3019363513225493,-0.42288699775756816,0.11630104272188219,0.21904761904761905,0.2815660702955676,-0.4119399023147165,0.8625740137484412,0.7,0.0036660678988013817,0.29626915865489645,0.28362677684410725,0.5238095238095238,0.005901586283902752,0.3428571428571428,0.21092379341475206,-0.42844128018390015,0.11108055747302135,0.2761904761904762,0.16857787367749338,93.60457454819276,0.7974944011723184,93.48453187751005,93.89772632195448,15
130,2026-06-04T07:44:44.019459,0.4464285714285714,0.09529321315352625,-0.3868761022214185,0.15428279531954744,0.4285714285714286,0.027495265215751328,-0.21104247489968195,0.9447539202144949,0.7178571428571427,0.002581165308218854,0.2657756117492863,0.3383569267373656,0.5428571428571429,0.00414288160001619,0.3607142857142856,0.18655437415416354,-0.43086991350983994,0.10884976631270904,0.29523809523809524,0.13946285911906778,93.78061203145919,0.8049490212674438,93.51451639892908,93.92969795850068,15
131,2026-06-04T07:49:22.642986,0.1607142857142857,0.5671967045803448,-0.25274232598881435,0.36344153229818293,0.18095238095238098,0.3794503959627968,-0.44370210299718504,0.7790150160350874,0.7,0.0036660678988013817,0.25071649610800134,0.36742995296514946,0.5238095238095238,0.005901586283902752,0.3607142857142856,0.18655437415416354,-0.43086991350983994,0.10884976631270904,0.29523809523809524,0.13946285911906778,88.87501045850068,0.9938551040340196,93.54102869812581,93.92969795850068,15
132,2026-06-04T07:53:58.565886,0.3607142857142856,0.18655437415416354,0.69237583769735,0.004227584154710994,0.21904761904761905,0.2815660702955676,-0.3490930696360313,0.8245370002384544,0.6357142857142856,0.0108607461687898,0.204169074034998,0.4654596732480649,0.4666666666666667,0.015510823225067603,0.3607142857142856,0.18655437415416354,-0.43086991350983994,0.10884976631270904,0.29523809523809524,0.13946285911906778,88.8499937248996,1.106931544159273,93.55050409973227,93.92969795850068,15
133,2026-06-04T07:58:35.621213,0.3214285714285714,0.24271904680166836,-0.019088872451842848,0.9461657960039337,0.23809523809523814,0.23945881568583288,-0.2332865533974267,0.7463768115942031,0.6071428571428571,0.01638130676830708,0.17995128248917858,0.5210306177059837,0.4666666666666667,0.015510823225067603,0.3607142857142856,0.18655437415416354,-0.43086991350983994,0.10884976631270904,0.29523809523809524,0.13946285911906778,89.27269494645249,1.0117859472730364,93.57227869812583,93.92969795850068,15
134,2026-06-04T08:03:12.079284,0.6499999999999999,0.008711583621912303,0.5455656170216082,0.03541421776796695,0.4666666666666667,0.015510823225067603,0.11190362755492331,0.9094202898550727,0.5249999999999999,0.04448390580010643,0.15330173108951162,0.5854317277722172,0.40952380952380957,0.03589723736788882,0.3607142857142856,0.18655437415416354,-0.43086991350983994,0.10884976631270904,0.29523809523809524,0.13946285911906778,89.37208207831326,1.1033931221172268,93.58537274096383,93.92969795850068,15
135,2026-06-04T08:07:51.678080,0.557142857142857,0.030961086755812082,0.3304772045466908,0.22895160479808818,0.40952380952380957,0.03589723736788882,-0.0217430974293875,0.8907103825136611,0.475,0.07357086204591354,0.1244393483783936,0.6585871585315718,0.40952380952380957,0.03589723736788882,0.3607142857142856,0.18655437415416354,-0.43086991350983994,0.10884976631270904,0.29523809523809524,0.13946285911906778,90.44260374832665,0.7954510188899188,93.5940532965194,93.92969795850068,15
136,2026-06-04T08:12:27.822304,0.3107142857142856,0.2596673973372179,0.026950795134425158,0.9240440948203436,0.2571428571428572,0.20184282422518202,-0.28471054162699666,0.8036541501976283,0.46291350030610784,0.08227428124255053,0.11313265446513648,0.6880950047103735,0.3636405261167026,0.059724872589944966,0.3607142857142856,0.18655437415416354,-0.43086991350983994,0.10884976631270904,0.29523809523809524,0.13946285911906778,91.5811997991968,0.9477259617586931,93.62758324966532,93.92969795850068,15
137,2026-06-04T08:17:16.145801,0.12857142857142856,0.6479163294665075,-0.34422003700600984,0.20899601675854798,0.08571428571428572,0.6971814254173712,-0.5415162454873647,0.770935429056924,0.4464285714285714,0.09529321315352625,0.10773853939089975,0.7023239377869893,0.3523809523809524,0.07433498084899375,0.3607142857142856,0.18655437415416354,-0.43086991350983994,0.10884976631270904,0.29523809523809524,0.13946285911906778,92.48070406626508,0.9629441872879526,93.6531542838019,93.92969795850068,15
138,2026-06-04T08:21:52.734318,0.1357142857142857,0.6296204418728145,-0.24394238386424494,0.3809394763203436,0.08571428571428572,0.6971814254173712,-0.5351415117476822,0.7486912669876279,0.44999999999999996,0.09235737494812256,0.0850254420286179,0.7632014371846652,0.37142857142857144,0.058995845051235264,0.3607142857142856,0.18655437415416354,-0.43086991350983994,0.10884976631270904,0.29523809523809524,0.13946285911906778,93.04640436746989,0.767687567801837,93.68827392904952,93.92969795850068,15
139,2026-06-04T08:26:29.907120,0.2642857142857143,0.3411737579900821,-0.36732240382967274,0.1780212895619273,0.21904761904761905,0.2815660702955676,-0.4124246271025071,0.8360804498527264,0.45218963543415164,0.09058928790838341,0.04755172832899274,0.8663602001381344,0.3636405261167026,0.059724872589944966,0.3607142857142856,0.18655437415416354,-0.42946817831054235,0.11013348050052556,0.29523809523809524,0.13946285911906778,93.62342076639894,0.8537282103474014,93.7221280957162,93.93364081325304,15
140,2026-06-04T08:31:11.857217,0.1857142857142857,0.5075409629336737,-0.38861688802255384,0.1522776693532207,0.10476190476190476,0.6264945175158468,-0.5270086338242763,0.7696559388686491,0.37499999999999994,0.16843274984674558,0.028399087293065062,0.9199741013386415,0.2761904761904762,0.16857787367749338,0.2714285714285714,0.3277893068411727,-0.4378049545596794,0.10265138521655313,0.20000000000000004,0.3282335876694342,93.8609856091031,0.80470060807415,93.77641817269075,93.97733642904954,15
141,2026-06-04T08:35:50.163621,0.06071428571428571,0.8298120954425188,-0.33433066310469134,0.22324020715715123,0.06666666666666668,0.770495669755301,-0.522957623416339,0.6642740557539009,0.2928571428571428,0.289471667212401,0.0018538425892019941,0.9947683555799441,0.23809523809523814,0.23945881568583288,0.2714285714285714,0.3277893068411727,-0.4378049545596794,0.10265138521655313,0.20000000000000004,0.3282335876694342,88.70895038487282,1.3104139602643543,93.81342034805888,93.97733642904954,15
142,2026-06-04T08:40:26.516297,0.5285714285714286,0.04279728930945035,0.3238346426307887,0.23900944178635466,0.37142857142857144,0.058995845051235264,-0.06251977848101266,0.8214936247723134,0.2321428571428571,0.40509874069364893,-0.004661902927978814,0.9868442981667126,0.1619047619047619,0.43511891093211363,0.2714285714285714,0.3277893068411727,-0.4378049545596794,0.10265138521655313,0.20000000000000004,0.3282335876694342,88.6612700803213,1.3753673660530974,93.81917252342707,93.97733642904954,15
143,2026-06-04T08:45:08.923014,0.38928571428571423,0.15151193679039388,0.3508312699009391,0.19980411127551348,0.2761904761904762,0.16857787367749338,-0.23742720109626586,0.8152413682864449,0.3178571428571428,0.24829056581701822,-0.025465522077017508,0.9282198279673562,0.2761904761904762,0.16857787367749338,0.2714285714285714,0.3277893068411727,-0.4378049545596794,0.10265138521655313,0.20000000000000004,0.3282335876694342,89.28195071954487,1.0899765901939265,93.84655287817938,93.97733642904954,15
144,2026-06-04T08:49:43.350684,0.3214285714285714,0.24271904680166836,-0.059587107311270246,0.8329302853479189,0.2761904761904762,0.16857787367749338,-0.3236647206005005,0.8254782179845468,0.3178571428571428,0.24829056581701822,-0.039711226067598075,0.8882553726854147,0.2761904761904762,0.16857787367749338,0.2714285714285714,0.3277893068411727,-0.4378049545596794,0.10265138521655313,0.20000000000000004,0.3282335876694342,90.06913068942437,1.0839018001654823,93.85429216867469,93.97733642904954,15
145,2026-06-04T08:54:22.361803,0.04642857142857142,0.8694915255450946,-0.29974941983447595,0.27773793319466117,0.028571428571428574,0.9225700904951897,-0.5884534432259383,0.6642792798760043,0.3214285714285714,0.24271904680166836,-0.03665485118322579,0.8968117094308738,0.29523809523809524,0.13946285911906778,0.2714285714285714,0.3277893068411727,-0.4378049545596794,0.10265138521655313,0.20000000000000004,0.3282335876694342,90.9313608601071,0.9557798295094726,93.86485525435074,93.97733642904954,15
146,2026-06-04T08:58:56.869866,0.30357142857142855,0.27135583600386853,0.03960462047835162,0.8885536281514206,0.2571428571428572,0.20184282422518202,-0.3273953605231229,0.8248334439283341,0.3178571428571428,0.24829056581701822,-0.05865282298779862,0.8355166141497463,0.2761904761904762,0.16857787367749338,0.2714285714285714,0.3277893068411727,-0.4378049545596794,0.10265138521655313,0.20000000000000004,0.3282335876694342,91.7883826974565,0.7797251008180595,93.87534513052209,93.97733642904954,15
147,2026-06-04T09:03:32.195783,0.2071428571428571,0.4588428049634703,-0.2683266934613714,0.33356439477189426,0.18095238095238098,0.3794503959627968,-0.4249672858786782,0.7906190176530984,0.3127793920987215,0.2563461530109663,-0.05280243433053214,0.8517465428122676,0.2679456508228335,0.16533796761616726,0.2714285714285714,0.3277893068411727,-0.4378049545596794,0.10265138521655313,0.20000000000000004,0.3282335876694342,92.51593875502006,1.0674561391359412,93.89679551539491,93.97733642904954,15
148,2026-06-04T09:08:08.521169,0.2714285714285714,0.3277893068411727,-0.3411435494260101,0.21336360689817183,0.2571428571428572,0.20184282422518202,-0.38889393939393946,0.8509293111951337,0.33928571428571425,0.2160289253419548,-0.048871558005757675,0.8626829161701832,0.29523809523809524,0.13946285911906778,0.2714285714285714,0.3277893068411727,-0.4378049545596794,0.10265138521655313,0.20000000000000004,0.3282335876694342,93.13020833333333,0.7955926136006403,93.94754016064256,93.97733642904954,15
149,2026-06-04T09:12:45.118094,0.34642857142857136,0.2058959920935512,-0.4140177542648744,0.12498409078141555,0.3142857142857143,0.11424717239544455,-0.3103479397485373,0.8847235308703192,0.3214285714285714,0.24271904680166836,-0.0650832137213938,0.81774867167282,0.2761904761904762,0.16857787367749338,0.2714285714285714,0.3277893068411727,-0.4378049545596794,0.10265138521655313,0.20000000000000004,0.3282335876694342,93.66519201807229,0.7109256438610384,93.98240880187417,93.97733642904954,15
150,2026-06-04T09:17:25.662503,0.33928571428571425,0.2160289253419548,-0.3997547153037249,0.13986062267659932,0.3142857142857143,0.11424717239544455,-0.3186833203226645,0.884267631103074,0.27499999999999997,0.3212111733193767,-0.08862751258887501,0.7534505921143929,0.23809523809523814,0.23945881568583288,0.2678571428571428,0.3344436005123538,-0.43791455459394263,0.10255545278962983,0.18095238095238098,0.3794503959627968,93.86242888219546,0.6879633158198372,94.01065721218204,93.98844335676038,15
151,2026-06-04T09:22:01.360666,0.5214285714285714,0.04621923447857302,0.25420735347583134,0.3605721125307915,0.4285714285714286,0.027495265215751328,-0.007302661927115836,0.8708723625697793,0.2520108244909699,0.364878944657155,-0.10358379738748438,0.7133467354767222,0.210528725646512,0.27568969784851405,0.2678571428571428,0.3344436005123538,-0.43791455459394263,0.10255545278962983,0.18095238095238098,0.3794503959627968,88.36328647925033,1.1527536783164705,94.01499748995981,93.98844335676038,15
152,2026-06-04T09:26:35.998634,0.18214285714285713,0.5158816817070392,-0.12198681951306478,0.6649498425805996,0.14285714285714288,0.4950508526248027,-0.4852941176470589,0.7413921893016487,0.28571428571428564,0.3019363513225493,-0.1188630842061364,0.6730846413898229,0.23809523809523814,0.23945881568583288,0.2678571428571428,0.3344436005123538,-0.43791455459394263,0.10255545278962983,0.18095238095238098,0.3794503959627968,88.65437792838019,1.0649285040633885,94.0067143574297,93.98844335676038,15
153,2026-06-04T09:31:11.763348,0.5785714285714285,0.02384665876299661,0.17090388644561186,0.5425294780167372,0.40952380952380957,0.03589723736788882,0.012660213184683501,0.8734177215189874,0.2714285714285714,0.3277893068411727,-0.13189236121186126,0.639385976895467,0.23809523809523814,0.23945881568583288,0.2678571428571428,0.3344436005123538,-0.43791455459394263,0.10255545278962983,0.18095238095238098,0.3794503959627968,89.17326598058902,1.3449308321273035,94.0140562248996,93.98844335676038,15
154,2026-06-04T09:35:46.562551,0.05714285714285713,0.8396998687415758,-0.2178526150913581,0.4354024528184346,0.06666666666666668,0.770495669755301,-0.5839452356753473,0.7180253623188394,0.28928571428571426,0.29566536100437785,-0.15844943949475315,0.5727428159258984,0.2571428571428572,0.20184282422518202,0.2678571428571428,0.3344436005123538,-0.43791455459394263,0.10255545278962983,0.18095238095238098,0.3794503959627968,90.12692436412317,1.0729007606683845,94.02092745983934,93.98844335676038,15
155,2026-06-04T09:40:26.342464,0.14285714285714282,0.6115222287644655,-0.10162028752187902,0.7185745692215182,0.08571428571428572,0.6971814254173712,-0.4828443148954505,0.666070336391437,0.2714285714285714,0.3277893068411727,-0.17307021001259254,0.5373466069112333,0.23809523809523814,0.23945881568583288,0.2678571428571428,0.3344436005123538,-0.43791455459394263,0.10255545278962983,0.18095238095238098,0.3794503959627968,90.59440888554218,0.8435519632800832,94.04002468206157,93.98844335676038,15
156,2026-06-04T09:45:09.447747,0.1607142857142857,0.5671967045803448,-0.40790302109611953,0.13122257826347508,0.1619047619047619,0.43511891093211363,-0.4873191699604744,0.7893219097100792,0.3142857142857143,0.2539400163236714,-0.18813152078298817,0.5019313295058895,0.2761904761904762,0.16857787367749338,0.2678571428571428,0.3344436005123538,-0.43791455459394263,0.10255545278962983,0.18095238095238098,0.3794503959627968,91.70467285809906,0.8428398875796353,94.0476907630522,93.98844335676038,15
157,2026-06-04T09:49:43.273364,0.4035714285714285,0.13576799650365623,-0.23497726342525282,0.39922329603224244,0.33333333333333337,0.09264256691158146,-0.24403885395756258,0.8830141266411833,0.2928571428571428,0.289471667212401,-0.20716394686641487,0.458796045130627,0.23809523809523814,0.23945881568583288,0.2678571428571428,0.3344436005123538,-0.43791455459394263,0.10255545278962983,0.18095238095238098,0.3794503959627968,92.39059362449798,0.9499722839738255,94.04982429718875,93.98844335676038,15
158,2026-06-04T09:54:17.316522,0.2178571428571428,0.43539267351553756,-0.30474453873622437,0.269414809056127,0.18095238095238098,0.3794503959627968,-0.45721957277694986,0.8151669769665044,0.2964285714285714,0.28335542843426287,-0.20166646843841896,0.471064014661601,0.2571428571428572,0.20184282422518202,0.2678571428571428,0.3344436005123538,-0.43791455459394263,0.10255545278962983,0.18095238095238098,0.3794503959627968,93.22348770080319,0.8419083964884532,94.0615796519411,93.98844335676038,15
159,2026-06-04T09:58:52.760452,0.3428571428571428,0.21092379341475206,-0.35813917850661453,0.18995023052979357,0.29523809523809524,0.13946285911906778,-0.3345821292182736,0.8838528104368867,0.28928571428571426,0.29566536100437785,-0.21377790765251325,0.4442482191029217,0.21904761904761905,0.2815660702955676,0.2678571428571428,0.3344436005123538,-0.4353640332210107,0.10480418359540647,0.18095238095238098,0.3794503959627968,93.67061997991965,0.7658077142213368,94.10418758366801,93.99184236947791,15
